{
    "Scene": {
        "ptr_wrapper": {
            "id": 2147483649,
            "data": {
                "entityNumber": 18,
                "value0": 2,
                "value1": 1048590,
                "value2": {
                    "Tag": "a"
                },
                "value3": 2097164,
                "value4": {
                    "Tag": "b"
                },
                "value5": 2,
                "value6": 1048590,
                "value7": {
                    "Transform": {
                        "col0": {
                            "x": 2.299999952316284,
                            "y": 0.0,
                            "z": 0.0,
                            "w": 0.0
                        },
                        "col1": {
                            "x": 0.0,
                            "y": 4.099999904632568,
                            "z": 0.0,
                            "w": 0.0
                        },
                        "col2": {
                            "x": 0.0,
                            "y": 0.0,
                            "z": 1.0,
                            "w": 0.0
                        },
                        "col3": {
                            "x": -0.1599999964237213,
                            "y": 0.1599999964237213,
                            "z": 0.0,
                            "w": 1.0
                        }
                    },
                    "Translate": {
                        "x": -0.1599999964237213,
                        "y": 0.1599999964237213,
                        "z": 0.0
                    },
                    "Scale": {
                        "x": 2.299999952316284,
                        "y": 4.099999904632568,
                        "z": 1.0
                    }
                },
                "value8": 2097164,
                "value9": {
                    "Transform": {
                        "col0": {
                            "x": 1.7999999523162842,
                            "y": 0.0,
                            "z": 0.0,
                            "w": 0.0
                        },
                        "col1": {
                            "x": 0.0,
                            "y": 3.9000000953674318,
                            "z": 0.0,
                            "w": 0.0
                        },
                        "col2": {
                            "x": 0.0,
                            "y": 0.0,
                            "z": 1.0,
                            "w": 0.0
                        },
                        "col3": {
                            "x": 0.30000001192092898,
                            "y": 0.4000000059604645,
                            "z": 0.0,
                            "w": 1.0
                        }
                    },
                    "Translate": {
                        "x": 0.30000001192092898,
                        "y": 0.4000000059604645,
                        "z": 0.0
                    },
                    "Scale": {
                        "x": 1.7999999523162842,
                        "y": 3.9000000953674318,
                        "z": 1.0
                    }
                },
                "value10": 2,
                "value11": 1048590,
                "value12": {
                    "Color": {
                        "x": 1.0,
                        "y": 1.0,
                        "z": 1.0,
                        "w": 1.0
                    },
                    "Vertex Shader": "assets/shader/vertexShader/vertexSrc.glsl",
                    "Fragment Shader": "C:\\Users\\Rish\\Desktop\\rish\\dod\\Editor\\assets\\shader\\fragmentShader\\blueFragSrc.glsl",
                    "Texture": "C:\\Users\\Rish\\Desktop\\rish\\dod\\Editor\\assets\\texture\\1.png"
                },
                "value13": 2097164,
                "value14": {
                    "Color": {
                        "x": 1.0,
                        "y": 1.0,
                        "z": 1.0,
                        "w": 1.0
                    },
                    "Vertex Shader": "assets/shader/vertexShader/vertexSrc.glsl",
                    "Fragment Shader": "C:\\Users\\Rish\\Desktop\\rish\\dod\\Editor\\assets\\shader\\fragmentShader\\blueFragSrc.glsl",
                    "Texture": "C:\\Users\\Rish\\Desktop\\rish\\dod\\Editor\\assets\\texture\\2.png"
                }
            }
        }
    }
}