{
    "Scene": {
        "ptr_wrapper": {
            "id": 2147483649,
            "data": {
                "value0": 3,
                "value1": 0,
                "value2": {
                    "Tag": "DebugCamera",
                    "Id": {
                        "uuid": "76373b9e-79cd-40ed-a6bc-dbc555951faf"
                    }
                },
                "value3": 1,
                "value4": {
                    "Tag": "ParticleTest",
                    "Id": {
                        "uuid": "b5f5d3d1-0a46-4406-bc5d-665d0036edf9"
                    }
                },
                "value5": 2,
                "value6": {
                    "Tag": "Entity 4",
                    "Id": {
                        "uuid": "a440257c-e90b-47b9-812f-795193c30f78"
                    }
                },
                "value7": 3,
                "value8": 0,
                "value9": {
                    "translate": {
                        "x": 0.8639550805091858,
                        "y": 0.0,
                        "z": 0.0
                    },
                    "scale": {
                        "x": 8.88888931274414,
                        "y": 5.0,
                        "z": 1.0
                    },
                    "rotate": 0.0
                },
                "value10": 1,
                "value11": {
                    "translate": {
                        "x": 0.0,
                        "y": 0.0,
                        "z": 0.0
                    },
                    "scale": {
                        "x": 1.0,
                        "y": 1.0,
                        "z": 1.0
                    },
                    "rotate": 0.0
                },
                "value12": 2,
                "value13": {
                    "translate": {
                        "x": -0.47124823927879336,
                        "y": 0.019635319709777833,
                        "z": 0.0
                    },
                    "scale": {
                        "x": 1.0,
                        "y": 1.0,
                        "z": 1.0
                    },
                    "rotate": 0.0
                },
                "value14": 0,
                "value15": 1,
                "value16": 0,
                "value17": {
                    "camera": {
                        "value0": {
                            "projection": {
                                "col0": {
                                    "x": 0.22499999403953553,
                                    "y": 0.0,
                                    "z": 0.0,
                                    "w": 0.0
                                },
                                "col1": {
                                    "x": 0.0,
                                    "y": 0.4000000059604645,
                                    "z": 0.0,
                                    "w": 0.0
                                },
                                "col2": {
                                    "x": 0.0,
                                    "y": 0.0,
                                    "z": -1.0,
                                    "w": 0.0
                                },
                                "col3": {
                                    "x": -0.0,
                                    "y": -0.0,
                                    "z": -0.0,
                                    "w": 1.0
                                }
                            }
                        },
                        "orthoSize": 5.0,
                        "orthoSize": -1.0,
                        "orthoSize": 1.0,
                        "orthoSize": 1.7777777910232545
                    },
                    "lockAspect": true,
                    "primary": true
                },
                "value18": 2,
                "value19": 1,
                "value20": {
                    "dataPath": "C:\\Users\\lpc0503\\Desktop\\dod\\assets\\Effect\\Particle\\Burst.json",
                    "offset": {
                        "x": 0.0,
                        "y": 0.0
                    },
                    "angleRange": {
                        "x": 0.0,
                        "y": 360.0
                    },
                    "startSpeed": 20.0,
                    "endSpeed": 30.0,
                    "startSize": 20.0,
                    "endSize": 30.0,
                    "rotateSpeed": 50.0,
                    "emitNumber": 100,
                    "emitVariance": 300,
                    "maxParticleLife": 300,
                    "life": -1.0,
                    "sleepTime": 2.0,
                    "startColor": {
                        "x": 0.8235294222831726,
                        "y": 0.3921568691730499,
                        "z": 0.0,
                        "w": 1.0
                    },
                    "endColor": {
                        "x": 0.8235294222831726,
                        "y": 0.8235294222831726,
                        "z": 0.8235294222831726,
                        "w": 0.0
                    },
                    "rotSpeedRand": {
                        "x": -1.0,
                        "y": 1.0
                    },
                    "startSpeedRand": {
                        "x": 0.0,
                        "y": 1.0
                    },
                    "endSpeedRand": {
                        "x": 0.0,
                        "y": 1.0
                    },
                    "emitVarianceRand": {
                        "x": 0.0,
                        "y": 1.0
                    },
                    "startSizeRand": {
                        "x": 0.0,
                        "y": 1.0
                    },
                    "endSizeRand": {
                        "x": 1.0,
                        "y": 1.0
                    },
                    "disX": 0.0,
                    "disY": 0.0,
                    "texturePath": "assets/texture/texture.png",
                    "vortexSensitive": false,
                    "vortexType": 0,
                    "vortexOffset": {
                        "x": 0.0,
                        "y": -50.0
                    },
                    "vortexAngleRange": {
                        "x": 250.0,
                        "y": 280.0
                    },
                    "vortexStartSpeed": 200.0,
                    "vortexEndSpeed": 200.0,
                    "vortexStartSize": 0.10000000149011612,
                    "vortexEndSize": 0.10000000149011612,
                    "vortexEmitNumber": 50,
                    "vortexMaxParticleLife": 80,
                    "vortexTurbulence": {
                        "x": 100.0,
                        "y": 50.0
                    },
                    "vortexSleepTime": 1.0,
                    "vortexStartSpeedRand": {
                        "x": 0.0,
                        "y": 1.0
                    },
                    "vortexEndSpeedRand": {
                        "x": 0.0,
                        "y": 1.0
                    },
                    "vortexLifeRand": {
                        "x": 0.5,
                        "y": 1.0
                    },
                    "vortexStartSizeRand": {
                        "x": 0.0,
                        "y": 1.0
                    },
                    "vortexEndSizeRand": {
                        "x": 1.0,
                        "y": 1.0
                    },
                    "vortexTurbulence": {
                        "x": 100.0,
                        "y": 50.0
                    }
                },
                "value21": 2,
                "value22": {
                    "dataPath": "C:\\Users\\lpc0503\\Desktop\\dod\\assets\\Effect\\Particle\\Snow.json",
                    "offset": {
                        "x": 0.0,